vid	name	actor	director	genre	time	memory,
12	To Kill a Mockingbird	Harper Lee	Southern Gothic	Drama	1960/7/11	28100000,
vid	name	actor	director	genre	time	memory,
12	To Kill a Mockingbird	Harper Lee	Southern Gothic	Drama	1960/7/11	28100000,
vid	name	actor	director	genre	time	memory,
12	To Kill a Mockingbird	Harper Lee	Southern Gothic	Drama	1960/7/11	28100000,
vid	name	actor	director	genre	time	memory,
12	To Kill a Mockingbird	Harper Lee	Southern Gothic	Drama	1960/7/11	28100000,
vid	name	actor	director	genre	time	memory,
12	To Kill a Mockingbird	Harper Lee	Southern Gothic	Drama	1960/7/11	28100000,
vid	name	actor	director	genre	time	memory,
12	To Kill a Mockingbird	Harper Lee	Southern Gothic	Drama	1960/7/11	28100000,
